,May-19,Jun-19,Jul-19,Aug-19,Sep-19,Oct-19,Nov-19,Dec-19,Jan-20,Feb-20,Mar-20,Apr-20
/login,1,1,1,1,1,1,1,1,1,1,1,1
/search,2,2,2,2,2,2,2,2,2,2,2,2
/contact-us,6,3,3,3,3,3,3,3,3,3,3,3
/,3,4,4,4,4,4,4,4,4,4,4,4
/walkthru,4,5,5,5,5,5,5,5,5,5,5,5
/online-training/getting-started,5,6,6,6,6,6,6,6,6,6,6,6
/aconex/our-main-application/using-aconex/using-cost/working-cost,7,11,7,7,7,7,7,7,7,7,7,7
/aconex/our-main-application/using-aconex/working-documents,9,12,10,10,10,10,10,10,10,10,10,10
/online-training/aconex-certified,11,9,9,9,9,9,9,9,9,9,9,9
/es/login,8,8,8,8,8,8,8,8,8,8,8,8
/aconex/our-main-application/using-aconex/using-project-mail,10,13,11,11,11,11,11,11,11,11,11,11
/faq-page,13,15,13,13,13,13,13,13,13,13,13,13
/aconex/our-main-application/using-aconex/aconex-account/personal-settings/forgotten-aconex-password,16,18,17,17,17,17,17,17,17,17,17,17
/aconex/our-main-application/aconex-admin-kit/admin-kit-org-admins/manage-user-accounts/creating-new-users-organization,14,20,18,18,18,18,18,18,18,18,18,18
/online-training/getting-started/aconex,12,14,12,12,12,12,12,12,12,12,12,12
/online-training,20,17,15,15,15,15,15,15,15,15,15,15
/aconex/our-main-application/using-aconex/using-workflows,18,22,19,19,19,19,19,19,19,19,19,19
/aconex/our-main-application/aconex-admin-kit,16,24,23,23,23,23,23,23,23,23,23,23
/high-compliance-environments/login,15,28,28,28,28,28,28,28,28,28,28,28
/logging-aconex,19,21,30,30,30,30,30,30,30,30,30,30
